{
  "properties": {
    "connectionReferences": {},
    "definition": {
      "$schema": "https://schema.management.azure.com/providers/Microsoft.Logic/schemas/2016-06-01/workflowdefinition.json#",
      "contentVersion": "1.0.0.0",
      "parameters": {
        "$authentication": {
          "defaultValue": {},
          "type": "SecureObject"
        }
      },
      "triggers": {
        "manual": {
          "metadata": {
            "operationMetadataId": "e62bfb92-0a38-47ea-81aa-fae2c02964e4"
          },
          "type": "Request",
          "kind": "PowerAppV2",
          "inputs": {
            "schema": {
              "type": "object",
              "properties": {
                "date": {
                  "title": "Date",
                  "type": "string",
                  "format": "date",
                  "x-ms-dynamically-added": true,
                  "description": "Please enter or select a date (YYYY-MM-DD)",
                  "x-ms-content-hint": "DATE"
                },
                "number": {
                  "title": "DaysToAdd",
                  "type": "number",
                  "x-ms-dynamically-added": true,
                  "description": "Could be positive or negative",
                  "x-ms-content-hint": "NUMBER"
                }
              },
              "required": [
                "date",
                "number"
              ]
            }
          }
        }
      },
      "actions": {
        "Calculate_a_new_date": {
          "actions": {
            "If_days_to_add_positive": {
              "actions": {
                "Select_dates_map": {
                  "runAfter": {},
                  "metadata": {
                    "operationMetadataId": "c04367c3-cb77-4d55-ad93-c27503d10c9d"
                  },
                  "type": "Select",
                  "inputs": {
                    "from": "@range(0, variables('Configuration')['rangeMaxDays'])",
                    "select": {
                      "Date": "@formatDateTime(\r\n    addDays(variables('Configuration')?['date'],item()), \r\n    variables('Configuration')?['format']\r\n    )",
                      "Day": "@dayOfWeek(\r\n    addDays(variables('Configuration')?['date'],item())\r\n    )",
                      "Holiday": "@contains(\r\n    variables('Configuration')?['holidays'], \r\n    formatDateTime(addDays(variables('Configuration')?['date'],item()), variables('Configuration')?['format']))"
                    }
                  }
                },
                "Exclude_weekends_and_holidays_from_dates_map": {
                  "runAfter": {
                    "Select_dates_map": [
                      "Succeeded"
                    ]
                  },
                  "metadata": {
                    "operationMetadataId": "22231060-e333-4de4-9d7e-945b85142bba"
                  },
                  "type": "Query",
                  "inputs": {
                    "from": "@body('Select_dates_map')",
                    "where": "@and(and(not(equals(item()['day'], 0)), not(equals(item()['day'], 6))), not(equals(item()['holiday'], true)))"
                  }
                },
                "Set_output_date": {
                  "runAfter": {
                    "Exclude_weekends_and_holidays_from_dates_map": [
                      "Succeeded"
                    ]
                  },
                  "metadata": {
                    "operationMetadataId": "592279f3-c501-492f-88c0-083667a7acb7"
                  },
                  "type": "SetVariable",
                  "inputs": {
                    "name": "OutputDate",
                    "value": "@{body('Exclude_weekends_and_holidays_from_dates_map')[variables('Configuration')?['daysToAdd']]?['Date']}"
                  }
                }
              },
              "runAfter": {},
              "else": {
                "actions": {
                  "Select_dates_map_2": {
                    "runAfter": {},
                    "metadata": {
                      "operationMetadataId": "66075076-42d5-4c3d-a7ec-cc9241b4e2ec"
                    },
                    "type": "Select",
                    "inputs": {
                      "from": "@range(0, variables('Configuration')['rangeMaxDays'])",
                      "select": {
                        "Date": "@formatDateTime(\n    addDays(variables('Configuration')?['date'],mul(item(),-1)), \n    variables('Configuration')?['format']\n    )",
                        "Day": "@dayOfWeek(\n    addDays(variables('Configuration')?['date'],mul(item(),-1))\n    )",
                        "Holiday": "@contains(\n    variables('Configuration')?['holidays'], \n    formatDateTime(addDays(variables('Configuration')?['date'],mul(item(), -1)), variables('Configuration')?['format']))"
                      }
                    }
                  },
                  "Exclude_weekends_and_holidays_from_dates_map_2": {
                    "runAfter": {
                      "Select_dates_map_2": [
                        "Succeeded"
                      ]
                    },
                    "metadata": {
                      "operationMetadataId": "3a58dca9-b37d-4956-9d73-15fbdd9acc44"
                    },
                    "type": "Query",
                    "inputs": {
                      "from": "@body('Select_dates_map_2')",
                      "where": "@and(and(not(equals(item()['day'], 0)), not(equals(item()['day'], 6))), not(equals(item()['holiday'], true)))"
                    }
                  },
                  "Set_output_date_2": {
                    "runAfter": {
                      "Exclude_weekends_and_holidays_from_dates_map_2": [
                        "Succeeded"
                      ]
                    },
                    "metadata": {
                      "operationMetadataId": "592279f3-c501-492f-88c0-083667a7acb7"
                    },
                    "type": "SetVariable",
                    "inputs": {
                      "name": "OutputDate",
                      "value": "@{body('Exclude_weekends_and_holidays_from_dates_map_2')[mul(variables('Configuration')?['daysToAdd'], -1)]?['Date']}"
                    }
                  }
                }
              },
              "expression": {
                "greaterOrEquals": [
                  "@variables('Configuration')?['daysToAdd']",
                  0
                ]
              },
              "metadata": {
                "operationMetadataId": "ff69cfb8-df24-4d00-9497-f9701602ccfe"
              },
              "type": "If"
            }
          },
          "runAfter": {
            "Output_date": [
              "Succeeded"
            ]
          },
          "metadata": {
            "operationMetadataId": "dc5439eb-e670-44fe-8391-b7d23251c2a3"
          },
          "type": "Scope"
        },
        "Configuration": {
          "runAfter": {},
          "metadata": {
            "operationMetadataId": "c27e072a-7536-4d0c-9dc8-ed6b87796fb6"
          },
          "type": "InitializeVariable",
          "inputs": {
            "variables": [
              {
                "name": "Configuration",
                "type": "object",
                "value": {
                  "date": "@{triggerBody()['date']}",
                  "format": "yyyy-MM-dd",
                  "daysToAdd": "@triggerBody()['number']",
                  "rangeMaxDays": "@mul(\r\n    add(int(div(triggerBody()['number'], 365)),1), \r\n    365\r\n    )",
                  "holidays": [
                    "2023-02-20",
                    "2023-02-27"
                  ]
                }
              }
            ]
          }
        },
        "Output_date": {
          "runAfter": {
            "Configuration": [
              "Succeeded"
            ]
          },
          "metadata": {
            "operationMetadataId": "c1cc9534-3e67-4375-b07e-847d97bd91a0"
          },
          "type": "InitializeVariable",
          "inputs": {
            "variables": [
              {
                "name": "OutputDate",
                "type": "string"
              }
            ]
          }
        },
        "Return_output_date": {
          "runAfter": {
            "Calculate_a_new_date": [
              "Succeeded"
            ]
          },
          "metadata": {
            "operationMetadataId": "a40a2910-822d-47d3-97c6-2d70c3ff5224"
          },
          "type": "Response",
          "kind": "PowerApp",
          "inputs": {
            "statusCode": 200,
            "body": {
              "date": "@variables('OutputDate')"
            },
            "schema": {
              "type": "object",
              "properties": {
                "date": {
                  "title": "date",
                  "x-ms-dynamically-added": true,
                  "type": "string",
                  "format": "date"
                }
              }
            }
          }
        }
      }
    },
    "templateName": ""
  },
  "schemaVersion": "1.0.0.0"
}