{
  "properties": {
    "connectionReferences": {},
    "definition": {
      "$schema": "https://schema.management.azure.com/providers/Microsoft.Logic/schemas/2016-06-01/workflowdefinition.json#",
      "contentVersion": "1.0.0.0",
      "parameters": {
        "$authentication": {
          "defaultValue": {},
          "type": "SecureObject"
        }
      },
      "triggers": {
        "manual": {
          "metadata": {
            "operationMetadataId": "c3fc22cd-8895-4eb2-ad0b-7c11361d4497"
          },
          "type": "Request",
          "kind": "Button",
          "inputs": {
            "schema": {
              "type": "object",
              "properties": {},
              "required": []
            }
          }
        }
      },
      "actions": {
        "Test_1": {
          "runAfter": {},
          "metadata": {
            "operationMetadataId": "d2ec66c3-dacb-41fa-b7ae-e4a8a525dfab"
          },
          "type": "Workflow",
          "inputs": {
            "host": {
              "workflowReferenceName": "1f3bf333-53b0-ed11-83ff-000d3aaca729"
            },
            "body": {
              "date": "2023-02-13",
              "number": 8
            },
            "retryPolicy": {
              "type": "none"
            }
          }
        },
        "Test_2": {
          "runAfter": {
            "Test_1": [
              "Succeeded"
            ]
          },
          "metadata": {
            "operationMetadataId": "d2ec66c3-dacb-41fa-b7ae-e4a8a525dfab"
          },
          "type": "Workflow",
          "inputs": {
            "host": {
              "workflowReferenceName": "1f3bf333-53b0-ed11-83ff-000d3aaca729"
            },
            "body": {
              "date": "2023-02-13",
              "number": 500
            },
            "retryPolicy": {
              "type": "none"
            }
          }
        },
        "Test_3": {
          "runAfter": {
            "Test_2": [
              "Succeeded"
            ]
          },
          "metadata": {
            "operationMetadataId": "d2ec66c3-dacb-41fa-b7ae-e4a8a525dfab"
          },
          "type": "Workflow",
          "inputs": {
            "host": {
              "workflowReferenceName": "1f3bf333-53b0-ed11-83ff-000d3aaca729"
            },
            "body": {
              "date": "2023-02-13",
              "number": -5
            },
            "retryPolicy": {
              "type": "none"
            }
          }
        }
      }
    },
    "templateName": ""
  },
  "schemaVersion": "1.0.0.0"
}